id,name,dateOfBirth,club,country,transferValue
1,LionelMessi,6/24/1987,FCBarcelona,Argentina,120
2,CristianoRonaldo,2/5/1985,RealMadrid,Portugal,100
3,GarethBale,7/16/1989,RealMadrid,Wales,80
4,Falcao,2/10/1986,ASMonaco,Colombia,60
5,EdinsonCavani,2/14/1987,ParisSaint-Germain,Uruguay,60
6,Neymar,2/5/1992,FCBarcelona,Brazil,60
7,AndrésIniesta,5/11/1984,FCBarcelona,Spain,55
8,MarioGötze,6/3/1992,FCBayernMunich,Germany,55
9,LuisSuárez,1/24/1987,LiverpoolFC,Uruguay,52
10,CescFàbregas,5/4/1987,FCBarcelona,Spain,50
11,MesutÖzil,10/15/1988,ArsenalFC,Germany,50
12,RobertLewandowski,8/21/1988,BorussiaDortmund,Poland,50
13,Hulk,7/25/1986,ZenitSt.Petersburg,Brazil,48
14,WayneRooney,10/24/1985,ManchesterUnited,England,45
15,KunAgüero,6/2/1988,ManchesterCity,Argentina,45
16,EdenHazard,1/7/1991,ChelseaFC,Belgium,45
17,ThomasMüller,9/13/1989,FCBayernMunich,Germany,45
18,SergioBusquets,7/16/1988,FCBarcelona,Spain,45
19,ArturoVidal,5/22/1987,JuventusFC,Chile,44
20,FranckRibéry,4/7/1983,FCBayernMunich,France,42
21,BastianSchweinsteiger,8/1/1984,FCBayernMunich,Germany,40
22,RobinvanPersie,8/6/1983,ManchesterUnited,Netherlands,40
23,SergioRamos,3/30/1986,RealMadrid,Spain,40
24,LukaModric,9/9/1985,RealMadrid,Croatia,40
25,ThiagoSilva,9/22/1984,ParisSaint-Germain,Brazil,40
26,ToniKroos,1/4/1990,FCBayernMunich,Germany,40
27,MarcoReus,5/31/1989,BorussiaDortmund,Germany,40
28,DavidSilva,1/8/1986,ManchesterCity,Spain,40
29,MarekHamsik,7/27/1987,SSCNapoli,Slovakia,40
30,JuanMata,4/28/1988,ManchesterUnited,Spain,40
31,GonzaloHiguaín,12/10/1987,SSCNapoli,Argentina,38
32,JaviMartínez,9/2/1988,FCBayernMunich,Spain,37
33,GerardPiqué,2/2/1987,FCBarcelona,Spain,36
34,VincentKompany,4/10/1986,ManchesterCity,Belgium,35
35,ManuelNeuer,3/27/1986,FCBayernMunich,Germany,35
36,AxelWitsel,1/12/1989,ZenitSt.Petersburg,Belgium,35
37,Isco,4/21/1992,RealMadrid,Spain,35
38,JamesRodríguez,7/12/1991,ASMonaco,Colombia,35
39,KarimBenzema,12/19/1987,RealMadrid,France,34
40,Oscar,9/9/1991,ChelseaFC,Brazil,34
41,PaulPogba,3/15/1993,JuventusFC,France,34
42,JackWilshere,1/1/1992,ArsenalFC,England,33
43,Lucas,8/13/1992,ParisSaint-Germain,Brazil,33
44,Fernandinho,5/4/1985,ManchesterCity,Brazil,32
45,DavidAlaba,6/24/1992,FCBayernMunich,Austria,32
46,PhilippLahm,11/11/1983,FCBayernMunich,Germany,30
47,YayaTouré,5/13/1983,ManchesterCity,Coted'Ivoire,30
48,SantiCazorla,12/13/1984,ArsenalFC,Spain,30
49,JoãoMoutinho,9/8/1986,ASMonaco,Portugal,30
50,AlexisSánchez,12/19/1988,FCBarcelona,Chile,30
51,DiegoCosta,10/7/1988,AtléticodeMadrid,Spain,30
52,MarioBalotelli,8/12/1990,ACMilan,Italy,30
53,ÁngeldiMaría,2/14/1988,RealMadrid,Argentina,30
54,Willian,8/9/1988,ChelseaFC,Brazil,30
55,Ramires,3/24/1987,ChelseaFC,Brazil,30
56,ThiagoAlcántara,4/11/1991,FCBayernMunich,Spain,30
57,JacksonMartínez,10/3/1986,FCPorto,Colombia,30
58,JulianDraxler,9/20/1993,FCSchalke04,Germany,30
59,ZlatanIbrahimovic,10/3/1981,ParisSaint-Germain,Sweden,28
60,JérômeBoateng,9/3/1988,FCBayernMunich,Germany,28
61,TheoWalcott,3/16/1989,ArsenalFC,England,28
62,ClaudioMarchisio,1/19/1986,JuventusFC,Italy,28
63,ÁlvaroNegredo,8/20/1985,ManchesterCity,Spain,27
64,IlkayGündogan,10/24/1990,BorussiaDortmund,Germany,27
65,MatsHummels,12/16/1988,BorussiaDortmund,Germany,26
66,StevanJovetic,11/2/1989,ManchesterCity,Montenegro,26
67,DavidLuiz,4/22/1987,ChelseaFC,Brazil,26
68,HenrikhMkhitaryan,1/21/1989,BorussiaDortmund,Armenia,26
69,ArjenRobben,1/23/1984,FCBayernMunich,Netherlands,25
70,GiuseppeRossi,2/1/1987,ACFiorentina,Italy,25
71,ArdaTuran,1/30/1987,AtléticodeMadrid,Turkey,25
72,RobertoSoldado,5/27/1985,TottenhamHotspur,Spain,25
73,Marcelo,5/12/1988,RealMadrid,Brazil,25
74,Pedro,7/28/1987,FCBarcelona,Spain,25
75,JordiAlba,3/21/1989,FCBarcelona,Spain,25
76,Koke,1/8/1992,AtléticodeMadrid,Spain,25
77,NemanjaMatic,8/1/1988,ChelseaFC,Serbia,25
78,StephanElShaarawy,10/27/1992,ACMilan,Italy,25
79,RomeluLukaku,5/13/1993,EvertonFC,Belgium,25
80,ThibautCourtois,5/11/1992,AtléticodeMadrid,Belgium,25
81,AntoineGriezmann,3/21/1991,RealSociedad,France,25
82,Marquinhos,5/14/1994,ParisSaint-Germain,Brazil,25
83,SamirHandanovic,7/14/1984,InterMilan,Slovenia,24
84,EdinDzeko,3/17/1986,ManchesterCity,Bosnia-Herzegovina,24
85,GiorgioChiellini,8/14/1984,JuventusFC,Italy,24
86,JuanCuadrado,5/26/1988,ACFiorentina,Colombia,24
87,ÉrikLamela,3/4/1992,TottenhamHotspur,Argentina,24
88,RaphaëlVarane,4/25/1993,RealMadrid,France,24
89,LukasPodolski,6/4/1985,ArsenalFC,Germany,23
90,MarioMandzukic,5/21/1986,FCBayernMunich,Croatia,23
91,MarouaneFellaini,11/22/1987,ManchesterUnited,Belgium,23
92,BorjaValero,1/12/1985,ACFiorentina,Spain,23
93,AlanDzagoev,6/17/1990,CSKAMoscow,Russia,23
94,SeydouDoumbia,12/31/1987,CSKAMoscow,Coted'Ivoire,23
95,EliaquimMangala,2/13/1991,FCPorto,France,23
96,CarlosTévez,2/5/1984,JuventusFC,Argentina,22
97,MarioGómez,7/10/1985,ACFiorentina,Germany,22
98,SamirNasri,6/26/1987,ManchesterCity,France,22
99,SamiKhedira,4/4/1987,RealMadrid,Germany,22
100,YohanCabaye,1/14/1986,ParisSaint-Germain,France,22
101,LarsBender,4/27/1989,Bayer04Leverkusen,Germany,22
102,JanVertonghen,4/24/1987,TottenhamHotspur,Belgium,22
103,Hernanes,5/29/1985,InterMilan,Brazil,22
104,LeandroDamião,7/22/1989,SantosFC,Brazil,22
105,EzequielLavezzi,5/3/1985,ParisSaint-Germain,Argentina,21
106,KevinStrootman,2/13/1990,ASRoma,Netherlands,21
107,MatijaNastasic,3/28/1993,ManchesterCity,Serbia,21
108,SalvatoreSirigu,1/12/1987,ParisSaint-Germain,Italy,20.5
109,JavierPastore,6/20/1989,ParisSaint-Germain,Argentina,20.5
110,PetrCech,5/20/1982,ChelseaFC,CzechRepublic,20
111,DanieleDeRossi,7/24/1983,ASRoma,Italy,20
112,LeightonBaines,12/11/1984,EvertonFC,England,20
113,IgorAkinfeev,4/8/1986,CSKAMoscow,Russia,20
114,JesúsNavas,11/21/1985,ManchesterCity,Spain,20
115,MoussaDembélé,7/16/1987,TottenhamHotspur,Belgium,20
116,JohnObiMikel,4/22/1987,ChelseaFC,Nigeria,20
117,IvanRakitic,3/10/1988,SevillaFC,Croatia,20
118,BlaiseMatuidi,4/9/1987,ParisSaint-Germain,France,20
119,FernandoLlorente,2/26/1985,JuventusFC,Spain,20
120,CarlosVela,3/1/1989,RealSociedad,Mexico,20
121,EzequielGaray,10/10/1986,SLBenfica,Argentina,20
122,LeonardoBonucci,5/1/1987,JuventusFC,Italy,20
123,NevenSubotic,12/10/1988,BorussiaDortmund,Serbia,20
124,MiralemPjanic,4/2/1990,ASRoma,Bosnia-Herzegovina,20
125,RuiPatrício,2/15/1988,SportingLisbon,Portugal,20
126,DanielSturridge,9/1/1989,LiverpoolFC,England,20
127,AaronRamsey,12/26/1990,ArsenalFC,Wales,20
128,DiegoGodín,2/16/1986,AtléticodeMadrid,Uruguay,20
129,AndréSchürrle,11/6/1990,ChelseaFC,Germany,20
130,KwadwoAsamoah,12/9/1988,JuventusFC,Ghana,20
131,AndriyYarmolenko,10/23/1989,DynamoKyiv,Ukraine,20
132,Marc-AndréterStegen,4/30/1992,BorussiaMönchengladbach,Germany,20
133,OlivierGiroud,9/30/1986,ArsenalFC,France,20
134,XherdanShaqiri,10/10/1991,FCBayernMunich,Switzerland,20
135,AnderHerrera,8/14/1989,AthleticClub,Spain,20
136,MarcoVerratti,11/5/1992,ParisSaint-Germain,Italy,20
137,Bernard,9/8/1992,ShakhtarDonetsk,Brazil,20
138,FernandoTorres,3/20/1984,ChelseaFC,Spain,19
139,PabloZabaleta,1/16/1985,ManchesterCity,Argentina,19
140,GaryCahill,12/19/1985,ChelseaFC,England,19
141,BranislavIvanovic,2/22/1984,ChelseaFC,Serbia,19
142,MamadouSakho,2/13/1990,LiverpoolFC,France,19
143,KyleWalker,5/28/1990,TottenhamHotspur,England,19
144,PerMertesacker,9/29/1984,ArsenalFC,Germany,18
145,LuizGustavo,7/23/1987,VfLWolfsburg,Brazil,18
146,Pepe,2/26/1983,RealMadrid,Portugal,18
147,DaniAlves,5/6/1983,FCBarcelona,Brazil,18
148,JeffersonFarfán,10/26/1984,FCSchalke04,Peru,18
149,AlessioCerci,7/23/1987,TorinoFC,Italy,18
150,AlexSong,9/9/1987,FCBarcelona,Cameroon,18
151,SvenBender,4/27/1989,BorussiaDortmund,Germany,18
152,FredyGuarín,6/30/1986,InterMilan,Colombia,18
153,MehdiBenatia,4/17/1987,ASRoma,Morocco,18
154,ChristianBenteke,12/3/1990,AstonVilla,Belgium,18
155,IkerMuniain,12/19/1992,AthleticClub,Spain,18
156,CésarAzpilicueta,8/28/1989,ChelseaFC,Spain,18
157,AsierIllarramendi,3/8/1990,RealMadrid,Spain,18
158,ChristianEriksen,2/14/1992,TottenhamHotspur,Denmark,18
159,BerndLeno,3/4/1992,Bayer04Leverkusen,Germany,18
160,NicolásGaitán,2/23/1988,SLBenfica,Argentina,18
161,LaurentKoscielny,9/10/1985,ArsenalFC,France,18
162,KevinVolland,7/30/1992,TSG1899Hoffenheim,Germany,18
163,AleksandrKokorin,3/19/1991,DinamoMoscow,Russia,18
164,PhilJones,2/21/1992,ManchesterUnited,England,18
165,Fernando,7/25/1987,FCPorto,Portugal,17.5
166,StephanLichtsteiner,1/16/1984,JuventusFC,Switzerland,17
167,WesleySneijder,6/9/1984,GalatasaraySK,Netherlands,17
168,Dante,10/18/1983,FCBayernMunich,Brazil,17
169,DanielAgger,12/12/1984,LiverpoolFC,Denmark,17
170,Lucas,1/9/1987,LiverpoolFC,Brazil,17
171,RadjaNainggolan,5/4/1988,ASRoma,Belgium,17
172,Pierre-EmerickAubameyang,6/18/1989,BorussiaDortmund,Gabon,17
173,EvgenKonoplyanka,9/29/1989,DniproDnipropetrovsk,Ukraine,17
174,DaviddeGea,11/7/1990,ManchesterUnited,Spain,17
175,AlexTeixeira,1/6/1990,ShakhtarDonetsk,Brazil,17
176,KeisukeHonda,6/13/1986,ACMilan,Japan,17
177,DannyWelbeck,11/26/1990,ManchesterUnited,England,17
178,ShinjiKagawa,3/17/1989,ManchesterUnited,Japan,17
179,EduardoSalvio,7/13/1990,SLBenfica,Argentina,17
180,KevindeBruyne,6/28/1991,VfLWolfsburg,Belgium,17
181,AlexOxlade-Chamberlain,8/15/1993,ArsenalFC,England,17
182,AntonioCandreva,2/28/1987,SSLazio,Italy,16.5
183,AndreaRanocchia,2/16/1988,InterMilan,Italy,16.5
184,RicardoÁlvarez,4/12/1988,InterMilan,Argentina,16.5
185,HugoLloris,12/26/1986,TottenhamHotspur,France,16
186,RiccardoMontolivo,1/18/1985,ACMilan,Italy,16
187,ValonBehrami,4/19/1985,SSCNapoli,Switzerland,16
188,LassanaDiarra,3/10/1985,LokomotivMoscow,France,16
189,AntonioValencia,8/4/1985,ManchesterUnited,Ecuador,16
190,Nani,11/17/1986,ManchesterUnited,Portugal,16
191,BurakYilmaz,7/15/1985,GalatasaraySK,Turkey,16
192,JaviGarcía,2/8/1987,ManchesterCity,Spain,16
193,BenediktHöwedes,2/29/1988,FCSchalke04,Germany,16
194,JoeHart,4/19/1987,ManchesterCity,England,16
195,AndyCarroll,1/6/1989,WestHamUnited,England,16
196,Chicharito,6/1/1988,ManchesterUnited,Mexico,16
197,Paulinho,7/25/1988,TottenhamHotspur,Brazil,16
198,FernandoMuslera,6/16/1986,GalatasaraySK,Uruguay,16
199,JoséCallejón,2/11/1987,SSCNapoli,Spain,16
200,AlexSandro,1/26/1991,FCPorto,Brazil,16
201,Coutinho,6/12/1992,LiverpoolFC,Brazil,16
202,GeoffreyKondogbia,2/15/1993,ASMonaco,France,16
203,MoussaSow,1/19/1986,FenerbahceSK,Senegal,15.5
204,JamesMilner,1/4/1986,ManchesterCity,England,15
205,StefanKießling,1/25/1984,Bayer04Leverkusen,Germany,15
206,MirkoVucinic,10/1/1983,JuventusFC,Montenegro,15
207,AaronLennon,4/16/1987,TottenhamHotspur,England,15
208,Kevin-PrinceBoateng,3/6/1987,FCSchalke04,Ghana,15
209,JavierMascherano,6/8/1984,FCBarcelona,Argentina,15
210,Filipe,8/9/1985,AtléticodeMadrid,Brazil,15
211,SteveMandanda,3/28/1985,OlympiqueMarseille,France,15
212,LukaszPiszczek,6/3/1985,BorussiaDortmund,Poland,15
213,JakubBlaszczykowski,12/14/1985,BorussiaDortmund,Poland,15
214,Miranda,9/7/1984,AtléticodeMadrid,Brazil,15
215,Sokratis,6/9/1988,BorussiaDortmund,Greece,15
216,Adriano,10/26/1984,FCBarcelona,Brazil,15
217,ÖmerToprak,7/21/1989,Bayer04Leverkusen,Turkey,15
218,WojciechSzczesny,4/18/1990,ArsenalFC,Poland,15
219,MateoKovacic,5/6/1994,InterMilan,Croatia,15
220,YannM'Vila,6/29/1990,RubinKazan,France,15
221,JordanHenderson,6/17/1990,LiverpoolFC,England,15
222,Rafael,7/9/1990,ManchesterUnited,Brazil,15
223,Taison,1/13/1988,ShakhtarDonetsk,Brazil,15
224,JoséSalomónRondón,9/16/1989,ZenitSt.Petersburg,Venezuela,15
225,WilfriedBony,12/10/1988,SwanseaCity,Coted'Ivoire,15
226,RicardoRodríguez,8/25/1992,VfLWolfsburg,Switzerland,15
227,RobertoFirmino,10/2/1991,TSG1899Hoffenheim,Brazil,15
228,LorenzoInsigne,6/4/1991,SSCNapoli,Italy,15
229,Jesé,2/26/1993,RealMadrid,Spain,15
230,AshleyYoung,7/9/1985,ManchesterUnited,England,14
231,Danny,8/7/1983,ZenitSt.Petersburg,Portugal,14
232,IgorDenisov,5/17/1984,DinamoMoscow,Russia,14
233,ThomasVermaelen,11/14/1985,ArsenalFC,Belgium,14
234,Juanfran,1/9/1985,AtléticodeMadrid,Spain,14
235,JérémyMénez,5/7/1987,ParisSaint-Germain,France,14
236,GökhanInler,6/27/1984,SSCNapoli,Switzerland,14
237,GiampaoloPazzini,8/2/1984,ACMilan,Italy,14
238,MbarkBoussoufa,8/15/1984,LokomotivMoscow,Morocco,14
239,MartinSkrtel,12/15/1984,LiverpoolFC,Slovakia,14
240,FábioCoentrão,3/11/1988,RealMadrid,Portugal,14
241,MathieuValbuena,9/28/1984,OlympiqueMarseille,France,14
242,SalvatoreBocchetti,11/30/1986,SpartakMoscow,Italy,14
243,DomenicoCriscito,12/30/1986,ZenitSt.Petersburg,Italy,14
244,RomanEremenko,3/19/1987,RubinKazan,Finland,14
245,ÓscarCardozo,5/20/1983,SLBenfica,Paraguay,14
246,JoeAllen,3/14/1990,LiverpoolFC,Wales,14
247,SebastianGiovinco,1/26/1987,JuventusFC,Italy,14
248,MaximeGonalons,3/10/1989,OlympiqueLyon,France,14
249,TomCleverley,8/12/1989,ManchesterUnited,England,14
250,Sandro,3/15/1989,TottenhamHotspur,Brazil,14
251,VictorWanyama,6/25/1991,SouthamptonFC,Kenya,14
252,YutoNagatomo,9/12/1986,InterMilan,Japan,14
253,Heung-MinSon,7/8/1992,Bayer04Leverkusen,"Korea,South",14
254,LuisMuriel,4/16/1991,UdineseCalcio,Colombia,14
255,EmmanuelEmenike,5/10/1987,FenerbahceSK,Nigeria,14
256,FlorianThauvin,1/26/1993,OlympiqueMarseille,France,14
257,GaëlClichy,7/26/1985,ManchesterCity,France,13
258,Gervinho,5/27/1987,ASRoma,Coted'Ivoire,13
259,PabloOsvaldo,1/12/1986,JuventusFC,Italy,13
260,CamiloZúñiga,12/14/1985,SSCNapoli,Colombia,13
261,JonnyEvans,1/3/1988,ManchesterUnited,NorthernIreland,13
262,KieranGibbs,9/26/1989,ArsenalFC,England,13
263,AngeloOgbonna,5/23/1988,JuventusFC,Italy,13
264,NicolásOtamendi,2/12/1988,ClubeAtléticoMineiro,Argentina,13
265,NicolasN'Koulou,3/27/1990,OlympiqueMarseille,Cameroon,13
266,JoelMatip,8/8/1991,FCSchalke04,Cameroon,13
267,MárioFernandes,9/19/1990,CSKAMoscow,Brazil,13
268,RaheemSterling,12/8/1994,LiverpoolFC,England,13
269,MohamedSalah,6/15/1992,ChelseaFC,Egypt,13
270,LukeShaw,7/12/1995,SouthamptonFC,England,13
271,DimitriPayet,3/29/1987,OlympiqueMarseille,France,12.5
272,GlenJohnson,8/23/1984,LiverpoolFC,England,12
273,IkerCasillas,5/20/1981,RealMadrid,Spain,12
274,Diego,2/28/1985,AtléticodeMadrid,Brazil,12
275,Klaas-JanHuntelaar,8/12/1983,FCSchalke04,Netherlands,12
276,XabiAlonso,11/25/1981,RealMadrid,Spain,12
277,VictorValdés,1/14/1982,FCBarcelona,Spain,12
278,ÉverBanega,6/29/1988,ClubAtléticoNewell'sOldBoys,Argentina,12
279,RaúlAlbiol,9/4/1985,SSCNapoli,Spain,12
280,ManuelFernandes,2/5/1986,BesiktasJK,Portugal,12
281,HatemBenArfa,3/7/1987,NewcastleUnited,France,12
282,FedericoMarchetti,2/7/1983,SSLazio,Italy,12
283,BacarySagna,2/14/1983,ArsenalFC,France,12
284,GonzaloCastro,6/11/1987,Bayer04Leverkusen,Germany,12
285,RasmusElm,3/17/1988,CSKAMoscow,Sweden,12
286,NuriSahin,9/5/1988,BorussiaDortmund,Turkey,12
287,MicahRichards,6/24/1988,ManchesterCity,England,12
288,KevinMirallas,10/5/1987,EvertonFC,Belgium,12
289,RaúlGarcía,7/11/1986,AtléticodeMadrid,Spain,12
290,KonstantinosMitroglou,3/12/1988,FulhamFC,Greece,12
291,SelcukInan,2/10/1985,GalatasaraySK,Turkey,12
292,JoséEnrique,1/23/1986,LiverpoolFC,Spain,12
293,AlexandrePato,9/2/1989,SãoPauloFutebolClube,Brazil,12
294,DejanLovren,7/5/1989,SouthamptonFC,Croatia,12
295,RodrigoPalacio,2/5/1982,InterMilan,Argentina,12
296,LoïcRémy,1/2/1987,NewcastleUnited,France,12
297,JamesMcCarthy,11/12/1990,EvertonFC,Ireland,12
298,AndréAyew,12/17/1989,OlympiqueMarseille,Ghana,12
299,AleksandarKolarov,11/10/1985,ManchesterCity,Serbia,12
300,Jonas,4/1/1984,ValenciaCF,Brazil,12
301,SimonMignolet,3/6/1988,LiverpoolFC,Belgium,12
302,Lima,8/11/1983,SLBenfica,Brazil,12
303,BibrasNatcho,2/18/1988,PAOKThessaloniki,Israel,12
304,JackRodwell,3/11/1991,ManchesterCity,England,12
305,SofianeFeghouli,12/26/1989,ValenciaCF,Algeria,12
306,KyriakosPapadopoulos,2/23/1992,FCSchalke04,Greece,12
307,MartínMontoya,4/14/1991,FCBarcelona,Spain,12
308,MauroIcardi,2/19/1993,InterMilan,Argentina,12
309,AdemLjajic,9/29/1991,ASRoma,Serbia,12
310,Michu,3/21/1986,SwanseaCity,Spain,12
311,DouglasCosta,9/14/1990,ShakhtarDonetsk,Brazil,12
312,MattiaDeSciglio,10/20/1992,ACMilan,Italy,12
313,YaroslavRakitsky,8/3/1989,ShakhtarDonetsk,Ukraine,12
314,MarcBartra,1/15/1991,FCBarcelona,Spain,12
315,ChrisSmalling,11/22/1989,ManchesterUnited,England,12
316,JuanJesus,6/10/1991,InterMilan,Brazil,12
317,ÁlvaroMorata,10/23/1992,RealMadrid,Spain,12
318,GerardDeulofeu,3/13/1994,EvertonFC,Spain,12
319,AlessandroFlorenzi,3/11/1991,ASRoma,Italy,12
320,Rodrigo,3/6/1991,SLBenfica,Spain,12
321,DanielCarvajal,1/11/1992,RealMadrid,Spain,12
322,IñigoMartínez,5/17/1991,RealSociedad,Spain,12
323,AhmedMusa,10/14/1992,CSKAMoscow,Nigeria,12
324,TimoWerner,3/6/1996,VfBStuttgart,Germany,12
325,MattiaDestro,3/20/1991,ASRoma,Italy,11.5
326,Danilo,7/15/1991,FCPorto,Brazil,11.5
327,BlerimDzemaili,4/12/1986,SSCNapoli,Switzerland,11
328,IgnazioAbate,11/12/1986,ACMilan,Italy,11
329,BalázsDzsudzsák,12/23/1986,DinamoMoscow,Hungary,11
330,DmitriKombarov,1/22/1987,SpartakMoscow,Russia,11
331,DembaBa,5/25/1985,ChelseaFC,Senegal,11
332,NachoMonreal,2/26/1986,ArsenalFC,Spain,11
333,MoussaSissoko,8/16/1989,NewcastleUnited,France,11
334,EnzoPérez,6/22/1986,SLBenfica,Argentina,11
335,OnurKivrak,1/1/1988,Trabzonspor,Turkey,11
336,VictorMoses,12/12/1990,LiverpoolFC,Nigeria,11
337,GaryMedel,8/3/1987,CardiffCity,Chile,11
338,MameDiouf,12/16/1987,Hannover96,Senegal,11
339,LacinaTraoré,5/20/1990,EvertonFC,Coted'Ivoire,11
340,DavideAstori,1/7/1987,CagliariCalcio,Italy,11
341,IshakBelfodil,1/12/1992,ASLivorno,Algeria,11
342,YounèsBelhanda,2/25/1990,DynamoKyiv,Morocco,11
343,VladChiriches,11/14/1989,TottenhamHotspur,Romania,11
344,RossBarkley,12/5/1993,EvertonFC,England,11
345,Fred,3/5/1993,ShakhtarDonetsk,Brazil,11
346,MauricioIsla,6/12/1988,JuventusFC,Chile,10.5
347,StefanSavic,1/8/1991,ACFiorentina,Montenegro,10.5
348,RafaelvanderVaart,2/11/1983,HamburgerSV,Netherlands,10
349,AndreaBarzagli,5/8/1981,JuventusFC,Italy,10
350,Xavi,1/25/1980,FCBarcelona,Spain,10
351,PepeReina,8/31/1982,SSCNapoli,Spain,10
352,DavidVilla,12/3/1981,AtléticodeMadrid,Spain,10
353,GoranPandev,7/27/1983,SSCNapoli,Macedonia,10
354,RaulMeireles,3/17/1983,FenerbahceSK,Portugal,10
355,DarijoSrna,5/1/1982,ShakhtarDonetsk,Croatia,10
356,AleksandrSamedov,7/19/1984,LokomotivMoscow,Russia,10
357,NemanjaVidic,10/21/1981,ManchesterUnited,Serbia,10
358,VedadIbisevic,8/6/1984,VfBStuttgart,Bosnia-Herzegovina,10
359,BafetimbiGomis,8/6/1985,OlympiqueLyon,France,10
360,Gabi,7/10/1983,AtléticodeMadrid,Spain,10
361,MathieuDebuchy,7/25/1985,NewcastleUnited,France,10
362,CheikTioté,6/21/1986,NewcastleUnited,Coted'Ivoire,10
363,AsmirBegovic,6/20/1987,StokeCity,Bosnia-Herzegovina,10
364,PapissDembaCissé,6/3/1985,NewcastleUnited,Senegal,10
365,DiegoLópez,11/3/1981,RealMadrid,Spain,10
366,VedranCorluka,2/5/1986,LokomotivMoscow,Croatia,10
367,MarcelSchmelzer,1/22/1988,BorussiaDortmund,Germany,10
368,FelipeMelo,6/26/1983,GalatasaraySK,Brazil,10
369,DusanTadic,11/20/1988,FCTwenteEnschede,Serbia,10
370,MaxKruse,3/19/1988,BorussiaMönchengladbach,Germany,10
371,PontusWernbloom,6/25/1986,CSKAMoscow,Sweden,10
372,MarioSuárez,2/24/1987,AtléticodeMadrid,Spain,10
373,SidneySam,1/31/1988,Bayer04Leverkusen,Germany,10
374,YuraMovsisyan,8/2/1987,SpartakMoscow,Armenia,10
375,TobyAlderweireld,3/2/1989,AtléticodeMadrid,Belgium,10
376,StefanRadu,10/22/1986,SSLazio,Romania,10
377,KevinGroßkreutz,7/19/1988,BorussiaDortmund,Germany,10
378,DieumerciMbokani,11/22/1985,DynamoKyiv,CongoDR,10
379,GiovanidosSantos,5/11/1989,VillarrealCF,Mexico,10
380,SiemdeJong,1/28/1989,AFCAjaxAmsterdam,Netherlands,10
381,JordanRhodes,2/5/1990,BlackburnRovers,Scotland,10
382,MarkelSusaeta,12/14/1987,AthleticClub,Spain,10
383,HolgerBadstuber,3/13/1989,FCBayernMunich,Germany,10
384,DenisGlushakov,1/27/1987,SpartakMoscow,Russia,10
385,CristianAnsaldi,9/20/1986,ZenitSt.Petersburg,Argentina,10
386,DriesMertens,5/6/1987,SSCNapoli,Belgium,10
387,DaniParejo,4/16/1989,ValenciaCF,Spain,10
388,SenadLulic,1/18/1986,SSLazio,Bosnia-Herzegovina,10
389,SeamusColeman,10/11/1988,EvertonFC,Ireland,10
390,AnderIturraspe,3/8/1989,AthleticClub,Spain,10
391,FredyMontero,7/26/1987,SportingLisbon,Colombia,10
392,JuanIturbe,6/4/1993,HellasVerona,Argentina,10
393,DavideSanton,1/2/1991,NewcastleUnited,Italy,10
394,JosuhaGuilavogui,9/19/1990,ASSaint-Étienne,France,10
395,AlexandreLacazette,5/28/1991,OlympiqueLyon,France,10
396,MaximeLestienne,6/17/1992,ClubBruggeKV,Belgium,10
397,Jorginho,12/20/1991,SSCNapoli,Italy,10
398,ThorganHazard,3/29/1993,SVZulte-Waregem,Belgium,10
399,Fernando,3/3/1992,ShakhtarDonetsk,Brazil,10
400,GranitXhaka,9/27/1992,BorussiaMönchengladbach,Switzerland,10
401,RémyCabella,3/8/1990,HSCMontpellier,France,10
402,CarlosBacca,9/8/1986,SevillaFC,Colombia,10
403,MatthiasGinter,1/19/1994,SCFreiburg,Germany,10
404,LucasDigne,7/20/1993,ParisSaint-Germain,France,10
405,Bruma,10/24/1994,Gaziantepspor,Portugal,10
406,LazarMarkovic,3/2/1994,SLBenfica,Serbia,10
407,SaphirTaider,2/29/1992,InterMilan,Algeria,10
408,KurtZouma,10/27/1994,ASSaint-Étienne,France,10
409,AymericLaporte,5/27/1994,AthleticClub,France,10
410,DomenicoBerardi,8/1/1994,USSassuolo,Italy,10
411,LucasOcampos,7/11/1994,ASMonaco,Argentina,10
412,AlbertoMoreno,7/5/1992,SevillaFC,Spain,10
413,JérémyToulalan,9/10/1983,ASMonaco,France,9.5
414,Ron-RobertZieler,2/12/1989,Hannover96,Germany,9.5
415,PatrickHerrmann,2/12/1991,BorussiaMönchengladbach,Germany,9.5
416,AurélienChedjou,6/20/1985,GalatasaraySK,Cameroon,9.5
417,ManoloGabbiadini,11/26/1991,UCSampdoria,Italy,9.5
418,RenéAdler,1/15/1985,HamburgerSV,Germany,9
419,SamuelEto'o,3/10/1981,ChelseaFC,Cameroon,9
420,NigeldeJong,11/30/1984,ACMilan,Netherlands,9
421,JérémyMathieu,10/29/1983,ValenciaCF,France,9
422,AlbertoAquilani,7/7/1984,ACFiorentina,Italy,9
423,OlcanAdin,9/30/1985,Trabzonspor,Turkey,9
424,MathieuFlamini,3/7/1984,ArsenalFC,France,9
425,GonzaloRodríguez,4/10/1984,ACFiorentina,Argentina,9
426,AlejandroGómez,2/15/1988,MetalistKharkiv,Argentina,9
427,JoséSosa,6/19/1985,AtléticodeMadrid,Argentina,9
428,NicolasLombaerts,3/20/1985,ZenitSt.Petersburg,Belgium,9
429,FabioQuagliarella,1/31/1983,JuventusFC,Italy,9
430,YoanGouffran,5/25/1986,NewcastleUnited,France,9
431,StéphaneMbia,5/20/1986,SevillaFC,Cameroon,9
432,ChristopherSamba,3/28/1984,DinamoMoscow,Congo,9
433,JonathandeGuzmán,9/13/1987,SwanseaCity,Netherlands,9
434,TimKrul,4/3/1988,NewcastleUnited,Netherlands,9
435,GökhanGönül,1/4/1985,FenerbahceSK,Turkey,9
436,StevenFletcher,3/26/1987,SunderlandAFC,Scotland,9
437,JeremainLens,11/24/1987,DynamoKyiv,Netherlands,9
438,CanerErkin,10/4/1988,FenerbahceSK,Turkey,9
439,StéphaneRuffier,9/27/1986,ASSaint-Étienne,France,9
440,ViktorFaizulin,4/22/1986,ZenitSt.Petersburg,Russia,9
441,AlessandroMatri,8/19/1984,ACFiorentina,Italy,9
442,BeñatEtxebarria,2/19/1987,AthleticClub,Spain,9
443,StefanReinartz,1/1/1989,Bayer04Leverkusen,Germany,9
444,MiguelVeloso,5/11/1986,DynamoKyiv,Portugal,9
445,André-PierreGignac,12/5/1985,OlympiqueMarseille,France,9
446,MehmetTopal,3/3/1986,FenerbahceSK,Turkey,9
447,SebastianRode,10/11/1990,EintrachtFrankfurt,Germany,9
448,AndreaPoli,9/29/1989,ACMilan,Italy,9
449,DameN'Doye,2/21/1985,LokomotivMoscow,Senegal,9
450,ChristianNoboa,4/9/1985,DinamoMoscow,Ecuador,9
451,RyanShawcross,10/4/1987,StokeCity,England,9
452,Giuliano,5/31/1990,DniproDnipropetrovsk,Brazil,9
453,LeandroCastán,11/5/1986,ASRoma,Brazil,9
454,MartínCáceres,4/7/1987,JuventusFC,Uruguay,9
455,MaxiPereira,6/8/1984,SLBenfica,Uruguay,9
456,ÉtienneCapoue,7/11/1988,TottenhamHotspur,France,9
457,Douglas,1/12/1988,DinamoMoscow,Netherlands,9
458,EvgenKhacheridi,7/28/1987,DynamoKyiv,Ukraine,9
459,ClémentGrenier,1/7/1991,OlympiqueLyon,France,9
460,Maicon,9/14/1988,FCPorto,Brazil,9
461,AlfredFinnbogason,2/1/1989,SCHeerenveen,Iceland,9
462,PedroObiang,3/27/1992,UCSampdoria,Spain,9
463,JuanQuintero,1/18/1993,FCPorto,Colombia,9
464,CristianTello,8/11/1991,FCBarcelona,Spain,9
465,MarcovanGinkel,12/1/1992,ChelseaFC,Netherlands,9
466,MichaelCarrick,7/28/1981,ManchesterUnited,England,8.5
467,ThiagoMotta,8/28/1982,ParisSaint-Germain,Italy,8.5
468,SerdarTasci,4/24/1987,SpartakMoscow,Germany,8.5
469,JonathanBiabiany,4/28/1988,ParmaFC,France,8.5
470,PhilippWollscheid,3/6/1989,Bayer04Leverkusen,Germany,8.5
471,MorganSchneiderlin,11/8/1989,SouthamptonFC,France,8.5
472,SemihKaya,2/24/1991,GalatasaraySK,Turkey,8.5
473,TomasHubocan,9/17/1985,ZenitSt.Petersburg,Slovakia,8.5
474,LeroyFer,1/5/1990,NorwichCity,Netherlands,8.5
475,EmanueleGiaccherini,5/5/1985,SunderlandAFC,Italy,8.5
476,FabioBorini,3/29/1991,SunderlandAFC,Italy,8.5
477,CiroImmobile,2/20/1990,TorinoFC,Italy,8.5
478,FrancescoBardi,1/18/1992,ASLivorno,Italy,8.5
479,LucianoVietto,12/5/1993,RacingClubdeAvellaneda,Argentina,8.5
480,Kaká,4/22/1982,ACMilan,Brazil,8
481,CristianLedesma,9/24/1982,SSLazio,Italy,8
482,MikelArteta,3/26/1982,ArsenalFC,Spain,8
483,SalomonKalou,8/5/1985,OSCLille,Coted'Ivoire,8
484,EmmanuelAdebayor,2/26/1984,TottenhamHotspur,Togo,8
485,MichaelDawson,11/18/1983,TottenhamHotspur,England,8
486,XabiPrieto,8/29/1983,RealSociedad,Spain,8
487,YuriZhirkov,8/20/1983,DinamoMoscow,Russia,8
488,DusanBasta,8/18/1984,UdineseCalcio,Serbia,8
489,Raffael,3/28/1985,BorussiaMönchengladbach,Brazil,8
490,BenoîtCostil,7/3/1987,StadeRennaisFC,France,8
491,YounèsKaboul,1/4/1986,TottenhamHotspur,France,8
492,CleitonXavier,3/23/1983,MetalistKharkiv,Brazil,8
493,GabrielPaletta,2/15/1986,ParmaFC,Italy,8
494,LucaCigarini,6/20/1986,AtalantaBC,Italy,8
495,Rafinha,9/7/1985,FCBayernMunich,Brazil,8
496,BryanRuiz,8/18/1985,PSVEindhoven,CostaRica,8
497,RomanNeustädter,2/18/1988,FCSchalke04,Germany,8
498,YannSommer,12/17/1988,FCBasel1893,Switzerland,8
499,GuilhermeSiqueira,4/28/1986,SLBenfica,Brazil,8
500,Adrián,1/8/1988,AtléticodeMadrid,Spain,8
501,PabloHernández,4/11/1985,SwanseaCity,Spain,8
502,SebastianJung,6/22/1990,EintrachtFrankfurt,Germany,8
503,AdilRami,12/27/1985,ACMilan,France,8
504,MikelRico,11/1/1984,AthleticClub,Spain,8
505,CarlosZambrano,7/10/1989,EintrachtFrankfurt,Peru,8
506,Cristian,6/25/1983,FenerbahceSK,Brazil,8
507,MarcoSau,11/3/1987,CagliariCalcio,Italy,8
508,GiacomoBonaventura,8/22/1989,AtalantaBC,Italy,8
509,MarkoDevic,10/27/1983,RubinKazan,Ukraine,8
510,NacerChadli,8/2/1989,TottenhamHotspur,Belgium,8
511,ÁlvaroDomínguez,5/15/1989,BorussiaMönchengladbach,Spain,8
512,AshleyWilliams,8/23/1984,SwanseaCity,Wales,8
513,MarvinMartin,1/10/1988,OSCLille,France,8
514,JosipIlicic,1/29/1988,ACFiorentina,Slovenia,8
515,Éder,12/22/1987,SCBraga,Portugal,8
516,SergiRoberto,2/7/1992,FCBarcelona,Spain,8
517,HiroshiKiyotake,11/12/1989,1.FCNuremberg,Japan,8
518,GylfiSigurdsson,9/9/1989,TottenhamHotspur,Iceland,8
519,ÓscardeMarcos,4/10/1989,AthleticClub,Spain,8
520,WilliamCarvalho,4/7/1992,SportingLisbon,Portugal,8
521,MattiaPerin,11/10/1992,GenoaCFC,Italy,8
522,WellingtonNem,2/6/1992,ShakhtarDonetsk,Brazil,8
523,AdamMaher,7/20/1993,PSVEindhoven,Netherlands,8
524,OlaJohn,5/19/1992,HamburgerSV,Netherlands,8
525,Allan,1/8/1991,UdineseCalcio,Brazil,8
526,SamuelUmtiti,11/14/1993,OlympiqueLyon,France,8
527,FabianSchär,12/20/1991,FCBasel1893,Switzerland,8
528,WilfriedZaha,11/10/1992,CardiffCity,England,8
529,MaxMeyer,9/18/1995,FCSchalke04,Germany,8
530,ThomasInce,1/30/1992,CrystalPalace,England,8
531,MichyBatshuayi,10/2/1993,StandardLiège,Belgium,8
532,ÓliverTorres,11/10/1994,VillarrealCF,Spain,8
533,HugoAlmeida,5/23/1984,BesiktasJK,Portugal,7.75
534,StevenGerrard,5/30/1980,LiverpoolFC,England,7.5
535,JohnTerry,12/7/1980,ChelseaFC,England,7.5
536,PatriceEvra,5/15/1981,ManchesterUnited,France,7.5
537,MichaelEssien,12/3/1982,ACMilan,Ghana,7.5
538,AndreaPirlo,5/19/1979,JuventusFC,Italy,7.5
539,PhilJagielka,8/17/1982,EvertonFC,England,7.5
540,RioMavuba,3/8/1984,OSCLille,France,7.5
541,Arouca,8/11/1986,SantosFC,Brazil,7.5
542,LucasBiglia,1/30/1986,SSLazio,Argentina,7.5
543,Fred,10/3/1983,FluminenseFootballClub,Brazil,7.5
544,SilvestreVarela,2/2/1985,FCPorto,Portugal,7.5
545,AdamJohnson,7/14/1987,SunderlandAFC,England,7.5
546,AndreaConsigli,1/27/1987,AtalantaBC,Italy,7.5
547,RickyvanWolfswinkel,1/27/1989,NorwichCity,Netherlands,7.5
548,AdamLallana,5/10/1988,SouthamptonFC,England,7.5
549,GregoryvanderWiel,2/3/1988,ParisSaint-Germain,Netherlands,7.5
550,AleksandarMitrovic,9/16/1994,RSCAnderlecht,Serbia,7.5
551,JayRodriguez,7/29/1989,SouthamptonFC,England,7.5
552,KevinKampl,10/9/1990,RedBullSalzburg,Slovenia,7.5
553,Jonathan,2/27/1986,InterMilan,Brazil,7.5
554,LewisHoltby,9/18/1990,FulhamFC,Germany,7.5
555,AdrienSilva,3/15/1989,SportingLisbon,Portugal,7.5
556,MatíasSuárez,5/9/1988,RSCAnderlecht,Argentina,7.5
557,Ganso,10/12/1989,SãoPauloFutebolClube,Brazil,7.5
558,Marlos,6/7/1988,MetalistKharkiv,Brazil,7.5
559,JonjoShelvey,2/27/1992,SwanseaCity,England,7.5
560,LuukdeJong,8/27/1990,NewcastleUnited,Netherlands,7.5
561,AdriánRamos,1/22/1986,HerthaBSC,Colombia,7.5
562,SimeVrsaljko,1/10/1992,GenoaCFC,Croatia,7.5
563,TinoCosta,1/9/1985,SpartakMoscow,Argentina,7.5
564,FabiánRinaudo,5/8/1987,CalcioCatania,Argentina,7.5
565,RomainAlessandrini,4/3/1989,StadeRennaisFC,France,7.5
566,AlperPotuk,4/8/1991,FenerbahceSK,Turkey,7.5
567,Dedé,7/1/1988,CruzeiroEsporteClube,Brazil,7.5
568,EmreCan,1/12/1994,Bayer04Leverkusen,Germany,7.5
569,StevenCaulker,12/29/1991,CardiffCity,England,7.5
570,GastónRamírez,12/2/1990,SouthamptonFC,Uruguay,7.5
571,Rafinha,2/12/1993,CeltadeVigo,Brazil,7.5
572,SaúlÑíguez,11/21/1994,RayoVallecano,Spain,7.5
573,FelipeAnderson,4/15/1993,SSLazio,Brazil,7.5
574,RobertHuth,8/18/1984,StokeCity,Germany,7
575,JoleonLescott,8/16/1982,ManchesterCity,England,7
576,AleksandrKerzhakov,11/27/1982,ZenitSt.Petersburg,Russia,7
577,MichelVorm,10/20/1983,SwanseaCity,Netherlands,7
578,TomásSivok,9/15/1983,BesiktasJK,CzechRepublic,7
579,Rolando,8/31/1985,InterMilan,Portugal,7
580,KévinGameiro,5/9/1987,SevillaFC,France,7
581,ClintDempsey,3/9/1983,SeattleSoundersFC,UnitedStates,7
582,ÁlvaroArbeloa,1/17/1983,RealMadrid,Spain,7
583,JoséManuelJurado,6/29/1986,SpartakMoscow,Spain,7
584,Paulinho,1/10/1986,ASLivorno,Brazil,7
585,MarkNoble,5/8/1987,WestHamUnited,England,7
586,Danilo,5/10/1984,UdineseCalcio,Brazil,7
587,StevenDefour,4/15/1988,FCPorto,Belgium,7
588,StéphaneSessègnon,6/1/1984,WestBromwichAlbion,Benin,7
589,ShaneLong,1/22/1987,HullCity,Ireland,7
590,Eder,11/15/1986,UCSampdoria,Brazil,7
591,ÁdámSzalai,12/9/1987,FCSchalke04,Hungary,7
592,NicolaiMüller,9/25/1987,1.FSVMainz05,Germany,7
593,IvanPerisic,2/2/1989,VfLWolfsburg,Croatia,7
594,GaryHooper,1/26/1988,NorwichCity,England,7
595,BrunoSoriano,6/12/1984,VillarrealCF,Spain,7
596,BojanKrkic,8/28/1990,AFCAjaxAmsterdam,Spain,7
597,ValentinStocker,4/12/1989,FCBasel1893,Switzerland,7
598,LucaAntonelli,2/11/1987,GenoaCFC,Italy,7
599,KevinTrapp,7/8/1990,EintrachtFrankfurt,Germany,7
600,ZoranTosic,4/28/1987,CSKAMoscow,Serbia,7
601,LarsStindl,8/26/1988,Hannover96,Germany,7
602,GeorginioWijnaldum,11/11/1990,PSVEindhoven,Netherlands,7
603,HéctorMoreno,1/17/1988,RCDEspanyol,Mexico,7
604,OliverBaumann,6/2/1990,SCFreiburg,Germany,7
605,Guilherme,12/12/1985,LokomotivMoscow,Brazil,7
606,BasDost,5/31/1989,VfLWolfsburg,Netherlands,7
607,MapouYanga-Mbiwa,5/15/1989,NewcastleUnited,France,7
608,AleksandarDragovic,3/6/1991,DynamoKyiv,Austria,7
609,AndrosTownsend,7/16/1991,TottenhamHotspur,England,7
610,BrownIdeye,10/10/1988,DynamoKyiv,Nigeria,7
611,OriolRomeu,9/24/1991,ValenciaCF,Spain,7
612,CheikhouKouyaté,12/21/1989,RSCAnderlecht,Senegal,7
613,RomanZozulya,11/17/1989,DniproDnipropetrovsk,Ukraine,7
614,MohamedDiamé,6/14/1987,WestHamUnited,Senegal,7
615,IagoAspas,8/1/1987,LiverpoolFC,Spain,7
616,Pierre-MichelLasogga,12/15/1991,HamburgerSV,Germany,7
617,Joãozinho,12/25/1988,FKKrasnodar,Brazil,7
618,PabloArmero,11/2/1986,WestHamUnited,Colombia,7
619,NathanielClyne,4/5/1991,SouthamptonFC,England,7
620,AndréMartins,1/21/1990,SportingLisbon,Portugal,7
621,VíctorIbarbo,5/19/1990,CagliariCalcio,Colombia,7
622,FilipDjuricic,1/30/1992,SLBenfica,Serbia,7
623,ViktorFischer,6/9/1994,AFCAjaxAmsterdam,Denmark,7
624,JordyClasie,6/27/1991,FeyenoordRotterdam,Netherlands,7
625,Jucilei,4/6/1988,Al-Jazira(AbuDhabi),Brazil,7
626,HéctorHerrera,4/19/1990,FCPorto,Mexico,7
627,LucaMarrone,3/28/1990,USSassuolo,Italy,7
628,ArasÖzbiliz,3/9/1990,SpartakMoscow,Armenia,7
629,HakanCalhanoglu,2/8/1994,HamburgerSV,Turkey,7
630,AlexandruMaxim,7/8/1990,VfBStuttgart,Romania,7
631,DennisPraet,5/14/1994,RSCAnderlecht,Belgium,7
632,DiegoReyes,9/19/1992,FCPorto,Mexico,7
633,JosipDrmic,8/8/1992,1.FCNuremberg,Switzerland,7
634,LucasPiazón,1/20/1994,VitesseArnhem,Brazil,7
635,WillHughes,4/7/1995,DerbyCounty,England,7
636,Vitinho,10/9/1993,CSKAMoscow,Brazil,7
637,YouriTielemans,5/7/1997,RSCAnderlecht,Belgium,7
638,NiklasMoisander,9/29/1985,AFCAjaxAmsterdam,Finland,6.5
639,FrancescoLodi,3/23/1984,CalcioCatania,Italy,6.5
640,Robinho,1/25/1984,ACMilan,Brazil,6.5
641,VladimirBystrov,1/31/1984,AnzhiMakhachkala,Russia,6.5
642,AdrianMierzejewski,11/6/1986,Trabzonspor,Poland,6.5
643,DennisAogo,1/14/1987,FCSchalke04,Germany,6.5
644,PabloBarrientos,1/17/1985,CalcioCatania,Argentina,6.5
645,AbdoulayKonko,3/9/1984,SSLazio,France,6.5
646,NikicaJelavic,8/27/1985,HullCity,Croatia,6.5
647,DiegoCapel,2/16/1988,SportingLisbon,Spain,6.5
648,MichaelAgazzi,7/3/1984,ChievoVerona,Italy,6.5
649,AndreasGranqvist,4/16/1985,FKKrasnodar,Sweden,6.5
650,GrazianoPellè,7/15/1985,FeyenoordRotterdam,Italy,6.5
651,MichaelBradley,7/31/1987,TorontoFC,UnitedStates,6.5
652,Anderson,4/13/1988,ACFiorentina,Brazil,6.5
653,GabrielAgbonlahor,10/13/1986,AstonVilla,England,6.5
654,HavardNordtveit,6/21/1990,BorussiaMönchengladbach,Norway,6.5
655,MiroslavStoch,10/19/1989,PAOKThessaloniki,Slovakia,6.5
656,Chico,3/6/1987,SwanseaCity,Spain,6.5
657,ÁlvaroPereira,11/28/1985,SãoPauloFutebolClube,Uruguay,6.5
658,AleksandrBelenov,9/13/1986,KubanKrasnodar,Russia,6.5
659,DenysGarmash,4/19/1990,DynamoKyiv,Ukraine,6.5
660,DuvánZapata,4/1/1991,SSCNapoli,Colombia,6.5
661,JurajKucka,2/26/1987,GenoaCFC,Slovakia,6.5
662,Sung-YongKi,1/24/1989,SunderlandAFC,"Korea,South",6.5
663,RiccardoSaponara,12/21/1991,ACMilan,Italy,6.5
664,YoussefElArabi,2/3/1987,GranadaCF,Morocco,6.5
665,RomainHamouma,3/29/1987,ASSaint-Étienne,France,6.5
666,MassimoBruno,9/17/1993,RSCAnderlecht,Belgium,6.5
667,RobertoPereyra,1/7/1991,UdineseCalcio,Argentina,6.5
668,SergeAurier,12/24/1992,FCToulouse,Coted'Ivoire,6.5
669,LorenzoMelgarejo,8/10/1990,KubanKrasnodar,Paraguay,6.5
670,BenjaminCorgnet,4/6/1987,ASSaint-Étienne,France,6.5
671,VladimírDarida,8/8/1990,SCFreiburg,CzechRepublic,6.5
672,JonathanTah,2/11/1996,HamburgerSV,Germany,6.5
673,DiegoBenaglio,9/8/1983,VfLWolfsburg,Switzerland,6
674,JermainDefoe,10/7/1982,TorontoFC,England,6
675,AaronHunt,9/4/1986,SVWerderBremen,Germany,6
676,AlbertoGilardino,7/5/1982,GenoaCFC,Italy,6
677,EstebanCambiasso,8/18/1980,InterMilan,Argentina,6
678,DaleyBlind,3/9/1990,AFCAjaxAmsterdam,Netherlands,6
679,JoãoPereira,2/25/1984,ValenciaCF,Portugal,6
680,TomHuddlestone,12/28/1986,HullCity,England,6
681,PirminSchwegler,3/9/1987,EintrachtFrankfurt,Switzerland,6
682,VasiliBerezutski,6/20/1982,CSKAMoscow,Russia,6
683,VladislavKulik,2/27/1985,RubinKazan,Russia,6
684,AndoniIraola,6/22/1982,AthleticClub,Spain,6
685,Casemiro,2/23/1992,RealMadrid,Brazil,6
686,MarcellJansen,11/4/1985,HamburgerSV,Germany,6
687,YoannGourcuff,7/11/1986,OlympiqueLyon,France,6
688,ChristianGentner,8/14/1985,VfBStuttgart,Germany,6
689,AndrésGuardado,9/28/1986,Bayer04Leverkusen,Mexico,6
690,AidenMcGeady,4/4/1986,EvertonFC,Ireland,6
691,AlessandroDiamanti,5/2/1983,GuangzhouEvergrandeF.C.,Italy,6
692,VladimirGabulov,10/19/1983,DinamoMoscow,Russia,6
693,JamesMorrison,5/25/1986,WestBromwichAlbion,Scotland,6
694,AtsutoUchida,3/27/1988,FCSchalke04,Japan,6
695,ChoriCastro,9/14/1984,RealSociedad,Uruguay,6
696,JesúsGámez,4/10/1985,MálagaCF,Spain,6
697,VurnonAnita,4/4/1989,NewcastleUnited,Netherlands,6
698,ScottSinclair,3/25/1989,WestBromwichAlbion,England,6
699,DiegoSouza,6/17/1985,MetalistKharkiv,Brazil,6
700,Vieirinha,1/24/1986,VfLWolfsburg,Portugal,6
701,FernandoAmorebieta,3/29/1985,FulhamFC,Venezuela,6
702,ImanolAgirretxe,2/24/1987,RealSociedad,Spain,6
703,WinstonReid,7/3/1988,WestHamUnited,NewZealand,6
704,JozyAltidore,11/6/1989,SunderlandAFC,UnitedStates,6
705,AndriyPyatov,6/28/1984,ShakhtarDonetsk,Ukraine,6
706,RyanBertrand,8/5/1989,AstonVilla,England,6
707,SvenUlreich,8/3/1988,VfBStuttgart,Germany,6
708,DiegoAlves,6/24/1985,ValenciaCF,Brazil,6
709,JelleVossen,3/22/1989,KRCGenk,Belgium,6
710,BenoîtTrémoulinas,12/28/1985,ASSaint-Étienne,France,6
711,ClémentChantôme,9/11/1987,FCToulouse,France,6
712,AdelTaarabt,5/24/1989,ACMilan,Morocco,6
713,FedericoFazio,3/17/1987,SevillaFC,Argentina,6
714,ClaudioYacob,7/18/1987,WestBromwichAlbion,Argentina,6
715,MateoMusacchio,8/26/1990,VillarrealCF,Argentina,6
716,CenkTosun,6/7/1991,Gaziantepspor,Turkey,6
717,WilliamVainqueur,11/19/1988,StandardLiège,France,6
718,DmitriTarasov,3/18/1987,LokomotivMoscow,Russia,6
719,SimonKjaer,3/26/1989,OSCLille,Denmark,6
720,LuizAdriano,4/12/1987,ShakhtarDonetsk,Brazil,6
721,DannyRose,7/2/1990,TottenhamHotspur,England,6
722,NicolásSpolli,2/20/1983,CalcioCatania,Argentina,6
723,MarcoHöger,9/16/1989,FCSchalke04,Germany,6
724,ÁlvaroGonzález,10/29/1984,SSLazio,Uruguay,6
725,AlyCissokho,9/15/1987,LiverpoolFC,France,6
726,OlegShatov,7/29/1990,ZenitSt.Petersburg,Russia,6
727,PapaGueye,6/7/1984,MetalistKharkiv,Senegal,6
728,EvgenSeleznev,7/20/1985,DniproDnipropetrovsk,Ukraine,6
729,OdilAkhmedov,11/25/1987,AnzhiMakhachkala,Uzbekistan,6
730,VicenteIborra,1/16/1988,SevillaFC,Spain,6
731,Jean,6/24/1986,FluminenseFootballClub,Brazil,6
732,LucianoNarsingh,9/13/1990,PSVEindhoven,Netherlands,6
733,Josué,9/17/1990,FCPorto,Portugal,6
734,StevenN'Zonzi,12/15/1988,StokeCity,France,6
735,DorlanPabón,1/24/1988,SãoPauloFutebolClube,Colombia,6
736,RúbenMicael,8/19/1986,SCBraga,Portugal,6
737,MarcoParolo,1/25/1985,ParmaFC,Italy,6
738,AntonioRüdiger,3/3/1993,VfBStuttgart,Germany,6
739,EduardoVargas,11/20/1989,ValenciaCF,Chile,6
740,LucCastaignos,9/27/1992,FCTwenteEnschede,Netherlands,6
741,FacundoFerreyra,3/14/1991,ShakhtarDonetsk,Argentina,6
742,RobinKnoche,5/22/1992,VfLWolfsburg,Germany,6
743,RubénPardo,10/22/1992,RealSociedad,Spain,6
744,AymenAbdennour,8/6/1989,ASMonaco,Tunisia,6
745,StefandeVrij,2/5/1992,FeyenoordRotterdam,Netherlands,6
746,BrunoMartinsIndi,2/8/1992,FeyenoordRotterdam,Netherlands,6
747,CedricSoares,8/31/1991,SportingLisbon,Portugal,6
748,MaximilianArnold,5/27/1994,VfLWolfsburg,Germany,6
749,RodrigoMoledo,10/27/1987,MetalistKharkiv,Brazil,6
750,MaksymKoval,12/9/1992,DynamoKyiv,Ukraine,6
751,LisandroLópez,9/1/1989,GetafeCF,Argentina,6
752,CarlJenkinson,2/8/1992,ArsenalFC,England,6
753,PacoAlcácer,8/30/1993,ValenciaCF,Spain,6
754,LuisAlberto,9/28/1992,LiverpoolFC,Spain,6
755,GiannelliImbula,9/12/1992,OlympiqueMarseille,France,6
756,OgenyiOnazi,12/25/1992,SSLazio,Nigeria,6
757,ManuelLanzini,2/15/1993,ClubAtléticoRiverPlate,Argentina,6
758,Rômulo,9/19/1990,SpartakMoscow,Brazil,6
759,TomásKalas,5/15/1993,ChelseaFC,CzechRepublic,6
760,AderlanSantos,4/9/1989,SCBraga,Brazil,6
761,JavierManquillo,5/5/1994,AtléticodeMadrid,Spain,6
762,AdnanJanuzaj,2/5/1995,ManchesterUnited,Belgium,6
763,Wallace,5/1/1994,InterMilan,Brazil,6
764,ChristianAtsu,1/10/1992,VitesseArnhem,Ghana,6
765,Dória,11/8/1994,BotafogodeFuteboleRegatas,Brazil,6
766,LeoBaptistão,8/26/1992,RealBetisBalompié,Brazil,6
767,AlexTelles,12/15/1992,GalatasaraySK,Brazil,6
768,KevinKuranyi,3/2/1982,DinamoMoscow,Germany,5.8
769,OlcaySahan,5/26/1987,BesiktasJK,Turkey,5.75
770,NolanRoux,3/1/1988,OSCLille,France,5.75
771,VeyselSari,7/25/1988,GalatasaraySK,Turkey,5.75
772,RobertoJiménez,2/10/1986,OlympiacosPiraeus,Spain,5.6
773,AntonioCassano,7/12/1982,ParmaFC,Italy,5.5
774,VolkanDemirel,10/27/1981,FenerbahceSK,Turkey,5.5
775,EgemenKorkmaz,11/3/1982,FenerbahceSK,Turkey,5.5
776,Alex,6/17/1982,ParisSaint-Germain,Brazil,5.5
777,MattJarvis,5/22/1986,WestHamUnited,England,5.5
778,UrbyEmanuelson,6/16/1986,ACMilan,Netherlands,5.5
779,AntonioMirante,7/8/1983,ParmaFC,Italy,5.5
780,LoïcPerrin,8/7/1985,ASSaint-Étienne,France,5.5
781,RobertSnodgrass,9/7/1987,NorwichCity,Scotland,5.5
782,VasilisTorosidis,6/10/1985,ASRoma,Greece,5.5
783,FernandoBelluschi,9/10/1983,Bursaspor,Argentina,5.5
784,StevenDavis,1/1/1985,SouthamptonFC,NorthernIreland,5.5
785,JuanVargas,10/5/1983,ACFiorentina,Peru,5.5
786,CristianVillagra,12/27/1985,MetalistKharkiv,Argentina,5.5
787,GermánDenis,9/10/1981,AtalantaBC,Argentina,5.5
788,OlaToivonen,7/3/1986,StadeRennaisFC,Sweden,5.5
789,ManueldaCosta,5/6/1986,Sivasspor,Portugal,5.5
790,NenadTomovic,8/30/1987,ACFiorentina,Serbia,5.5
791,TonyJantschke,4/7/1990,BorussiaMönchengladbach,Germany,5.5
792,SebastiánBlanco,3/15/1988,MetalistKharkiv,Argentina,5.5
793,Jean-ArmelKana-Biyik,7/3/1989,StadeRennaisFC,Cameroon,5.5
794,DiegoÂngelo,2/12/1986,Eskisehirspor,Brazil,5.5
795,MiguelBritos,7/17/1985,SSCNapoli,Uruguay,5.5
796,ChristophKramer,2/19/1991,BorussiaMönchengladbach,Germany,5.5
797,MarcosRojo,3/20/1990,SportingLisbon,Argentina,5.5
798,AbdelazizBarrada,6/19/1989,Al-Jazira(AbuDhabi),Morocco,5.5
799,LamineSané,3/22/1987,FCGirondinsBordeaux,Senegal,5.5
800,NampalysMendy,6/23/1992,OGCNizza,France,5.5
801,ZakariaLabyad,3/9/1993,VitesseArnhem,Morocco,5.5
802,NicolaLeali,2/17/1993,SpeziaCalcio,Italy,5.5
803,YannickFerreira-Carrasco,9/4/1993,ASMonaco,Belgium,5.5
804,BenDavies,4/24/1993,SwanseaCity,Wales,5.5
805,GustavoColman,4/19/1985,Trabzonspor,Argentina,5.25
806,Xandão,2/23/1988,KubanKrasnodar,Brazil,5.2
807,RomanWeidenfeller,8/6/1980,BorussiaDortmund,Germany,5
808,AshleyCole,12/20/1980,ChelseaFC,England,5
809,GarethBarry,2/23/1981,EvertonFC,England,5
810,KevinNolan,6/24/1982,WestHamUnited,England,5
811,StewartDowning,7/22/1984,WestHamUnited,England,5
812,MaartenStekelenburg,9/22/1982,FulhamFC,Netherlands,5
813,StijnSchaars,1/11/1984,PSVEindhoven,Netherlands,5
814,GianluigiBuffon,1/28/1978,JuventusFC,Italy,5
815,CédricCarrasso,12/30/1981,FCGirondinsBordeaux,France,5
816,AleksandrRyazantsev,9/5/1986,ZenitSt.Petersburg,Russia,5
817,JonatanSoriano,9/24/1985,RedBullSalzburg,Spain,5
818,OlegGusev,4/25/1983,DynamoKyiv,Ukraine,5
819,LudovicObraniak,11/10/1984,SVWerderBremen,Poland,5
820,BrunoAlves,11/27/1981,FenerbahceSK,Portugal,5
821,Luisão,2/13/1981,SLBenfica,Brazil,5
822,DarrenBent,2/6/1984,FulhamFC,England,5
823,IbrahimAfellay,4/2/1986,FCBarcelona,Netherlands,5
824,ÉdgarBarreto,7/15/1984,USPalermo,Paraguay,5
825,BenoîtAssou-Ekotto,3/24/1984,QueensParkRangers,Cameroon,5
826,PanagiotisKone,7/26/1987,BolognaFC1909,Greece,5
827,WillyCaballero,9/28/1981,MálagaCF,Argentina,5
828,MatíasSilvestre,9/25/1984,ACMilan,Argentina,5
829,ChristianMaggio,2/11/1982,SSCNapoli,Italy,5
830,Nilmar,7/14/1984,El-JaishSportsClub,Brazil,5
831,OndrejMazuch,3/15/1989,DniproDnipropetrovsk,CzechRepublic,5
832,EmilianoViviano,12/1/1985,ArsenalFC,Italy,5
833,IvánRamis,10/25/1984,WiganAthletic,Spain,5
834,LuchoGonzález,1/19/1981,Al-RayyanSportsClub,Argentina,5
835,LeandroFernández,1/30/1983,DinamoMoscow,Argentina,5
836,LisandroLópez,3/2/1983,Al-GharafaSportsClub,Argentina,5
837,OgnjenVukojevic,12/20/1983,DynamoKyiv,Croatia,5
838,ChristopheJallet,10/31/1983,ParisSaint-Germain,France,5
839,CharlieAdam,12/10/1985,StokeCity,Scotland,5
840,Jádson,10/5/1983,SportClubCorinthiansPaulista,Brazil,5
841,GuillermoOchoa,7/13/1985,ACAjaccio,Mexico,5
842,VeliKavlak,11/3/1988,BesiktasJK,Austria,5
843,RonVlaar,2/16/1985,AstonVilla,Netherlands,5
844,ZlatkoJunuzovic,9/26/1987,SVWerderBremen,Austria,5
845,VladimirGranat,5/22/1987,DinamoMoscow,Russia,5
846,MartinHarnik,6/10/1987,VfBStuttgart,Austria,5
847,SebastianLarsson,6/6/1985,SunderlandAFC,Sweden,5
848,Naldo,9/10/1982,VfLWolfsburg,Brazil,5
849,CristianRodríguez,9/30/1985,AtléticodeMadrid,Uruguay,5
850,CristianZapata,9/30/1986,ACMilan,Colombia,5
851,LasseSchöne,5/27/1986,AFCAjaxAmsterdam,Denmark,5
852,MarkoMarin,3/13/1989,SevillaFC,Germany,5
853,MikelGonzález,9/24/1985,RealSociedad,Spain,5
854,NikolaKalinic,1/5/1988,DniproDnipropetrovsk,Croatia,5
855,ChrisBrunt,12/14/1984,WestBromwichAlbion,NorthernIreland,5
856,AntonShunin,1/27/1987,DinamoMoscow,Russia,5
857,AykutDemir,10/22/1988,Trabzonspor,Turkey,5
858,FelipeCaicedo,9/5/1988,Al-Jazira(AbuDhabi),Ecuador,5
859,MatiFernández,5/15/1986,ACFiorentina,Chile,5
860,IvelinPopov,10/26/1987,KubanKrasnodar,Bulgaria,5
861,VadisOdjidja-Ofoe,2/21/1989,ClubBruggeKV,Belgium,5
862,Ari,12/11/1985,FKKrasnodar,Brazil,5
863,BradGuzan,9/9/1984,AstonVilla,UnitedStates,5
864,VictorAnichebe,4/23/1988,WestBromwichAlbion,Nigeria,5
865,IvanStrinic,7/17/1987,DniproDnipropetrovsk,Croatia,5
866,MorganAmalfitano,3/20/1985,WestBromwichAlbion,France,5
867,MilanBadelj,2/25/1989,HamburgerSV,Croatia,5
868,FabianLustenberger,5/2/1988,HerthaBSC,Switzerland,5
869,AndréHahn,8/13/1990,FCAugsburg,Germany,5
870,KévinConstant,5/15/1987,ACMilan,Guine,5
871,EstebanGranero,7/2/1987,RealSociedad,Spain,5
872,YoussufMulumbu,1/25/1987,WestBromwichAlbion,CongoDR,5
873,JoelObi,5/22/1991,ParmaFC,Nigeria,5
874,EmilianoInsúa,1/7/1989,AtléticodeMadrid,Argentina,5
875,MubarakWakaso,7/25/1990,RubinKazan,Ghana,5
876,DomagojVida,4/29/1989,DynamoKyiv,Croatia,5
877,IgorSmolnikov,8/8/1988,ZenitSt.Petersburg,Russia,5
878,BogdanStancu,6/28/1987,GenclerbirligiAnkara,Romania,5
879,RickieLambert,2/16/1982,SouthamptonFC,England,5
880,TimMatavz,1/13/1989,PSVEindhoven,Slovenia,5
881,FabianDelph,11/21/1989,AstonVilla,England,5
882,Licá,9/8/1988,FCPorto,Portugal,5
883,SergioAsenjo,6/28/1989,VillarrealCF,Spain,5
884,WálterGargano,7/23/1984,ParmaFC,Uruguay,5
885,GonzaloBergessio,7/20/1984,CalcioCatania,Argentina,5
886,DidierDigard,7/12/1986,OGCNizza,France,5
887,RenatoAugusto,2/8/1988,SportClubCorinthiansPaulista,Brazil,5
888,AlbertoBotía,1/27/1989,ElcheCF,Spain,5
889,JonathanCristaldo,3/5/1989,BolognaFC1909,Argentina,5
890,Mariano,6/23/1986,FCGirondinsBordeaux,Brazil,5
891,DaniloD'Ambrosio,9/9/1988,InterMilan,Italy,5
892,Neto,5/26/1988,ZenitSt.Petersburg,Portugal,5
893,Wanderson,2/18/1986,FKKrasnodar,Brazil,5
894,CharlesKaboré,2/9/1988,KubanKrasnodar,BurkinaFaso,5
895,CarlosMartínez,4/9/1986,RealSociedad,Spain,5
896,IgnacioCamacho,5/4/1990,MálagaCF,Spain,5
897,NachoFernández,1/18/1990,RealMadrid,Spain,5
898,JuniorHoilett,6/5/1990,QueensParkRangers,Canada,5
899,DarylJanmaat,7/22/1989,FeyenoordRotterdam,Netherlands,5
900,BrunoEcueleManga,7/16/1988,FCLorient,Gabon,5
901,FacundoRoncaglia,2/10/1987,ACFiorentina,Argentina,5
902,JamesTomkins,3/29/1989,WestHamUnited,England,5
903,EmmanuelRivière,3/3/1990,ASMonaco,France,5
904,VíctorRuiz,1/25/1989,ValenciaCF,Spain,5
905,LiborKozak,5/30/1989,AstonVilla,CzechRepublic,5
906,VicenteGuaita,1/10/1987,ValenciaCF,Spain,5
907,SergioCanales,2/16/1991,RealSociedad,Spain,5
908,FranckTabanou,1/30/1989,ASSaint-Étienne,France,5
909,MarcoFabián,7/21/1989,CDCruzAzul,Mexico,5
910,RafaelCarioca,6/18/1989,SpartakMoscow,Brazil,5
911,AlbertoPaloschi,1/4/1990,ChievoVerona,Italy,5
912,JoséAlbertoCañas,5/27/1987,SwanseaCity,Spain,5
913,JonathanSchmid,6/22/1990,SCFreiburg,France,5
914,Maicón,2/18/1990,LokomotivMoscow,Brazil,5
915,Réver,1/4/1985,ClubeAtléticoMineiro,Brazil,5
916,AlbertodelaBella,12/2/1985,RealSociedad,Spain,5
917,DavidOspina,8/31/1988,OGCNizza,Colombia,5
918,Alan,7/10/1989,RedBullSalzburg,Brazil,5
919,AatifChahechouhe,7/2/1986,Sivasspor,Morocco,5
920,Paul-JoséMpoku,4/19/1992,StandardLiège,Belgium,5
921,Elias,5/16/1985,SportingLisbon,Brazil,5
922,AbelHernández,8/8/1990,USPalermo,Uruguay,5
923,MattPhillips,3/13/1991,QueensParkRangers,Scotland,5
924,NecipUysal,1/24/1991,BesiktasJK,Turkey,5
925,AlfredN'Diaye,3/6/1990,RealBetisBalompié,Senegal,5
926,MartinKelly,4/27/1990,LiverpoolFC,England,5
927,JeroenZoet,1/6/1991,PSVEindhoven,Netherlands,5
928,NicolaSansone,9/10/1991,USSassuolo,Italy,5
929,GökhanTöre,1/20/1992,BesiktasJK,Turkey,5
930,MoritzLeitner,12/8/1992,VfBStuttgart,Germany,5
931,Sílvio,9/28/1987,SLBenfica,Portugal,5
932,RubénBotta,1/31/1990,InterMilan,Argentina,5
933,GiulioDonati,2/5/1990,Bayer04Leverkusen,Italy,5
934,VáclavKadlec,5/20/1992,EintrachtFrankfurt,CzechRepublic,5
935,Ja-CheolKoo,2/27/1989,1.FSVMainz05,"Korea,South",5
936,ChrisMavinga,5/26/1991,RubinKazan,France,5
937,ConnorWickham,3/31/1993,LeedsUnited,England,5
938,IlombeMboyo,4/22/1987,KRCGenk,Belgium,5
939,SimoneZaza,6/25/1991,USSassuolo,Italy,5
940,DenisCheryshev,12/26/1990,SevillaFC,Russia,5
941,Ralf,6/9/1984,SportClubCorinthiansPaulista,Brazil,5
942,MatejVydra,5/1/1992,WestBromwichAlbion,CzechRepublic,5
943,WahbiKhazri,2/8/1991,SCBastia,Tunisia,5
944,LukmanHaruna,12/4/1990,DynamoKyiv,Nigeria,5
945,AllanNyom,5/10/1988,GranadaCF,Cameroon,5
946,Suso,11/19/1993,UDAlmería,Spain,5
947,YuriLodygin,5/26/1990,ZenitSt.Petersburg,Russia,5
948,IdrissaGueye,9/26/1989,OSCLille,Senegal,5
949,JackButland,3/10/1993,LeedsUnited,England,5
950,NickPowell,3/23/1994,WiganAthletic,England,5
951,AndréCarrillo,6/14/1991,SportingLisbon,Peru,5
952,JasperCillessen,4/22/1989,AFCAjaxAmsterdam,Netherlands,5
953,WissamBenYedder,8/12/1990,FCToulouse,France,5
954,ÁlvaroVadillo,9/12/1994,RealBetisBalompié,Spain,5
955,Kelvin,6/1/1993,FCPorto,Brazil,5
956,MemphisDepay,2/13/1994,PSVEindhoven,Netherlands,5
957,AnthonyMartial,12/5/1995,ASMonaco,France,5
958,AlfredDuncan,3/10/1993,ASLivorno,Ghana,5
959,SadioMané,4/10/1992,RedBullSalzburg,Senegal,5
960,PauloDybala,11/15/1993,USPalermo,Argentina,5
961,TinJedvaj,11/28/1995,ASRoma,Croatia,5
962,RubénGarcía,7/14/1993,LevanteUD,Spain,5
963,ImohEzekiel,10/24/1993,StandardLiège,Nigeria,5
964,AndréGomes,7/30/1993,SLBenfica,Portugal,5
965,ÁngelCorrea,3/9/1995,ClubAtléticoSanLorenzodeAlmagro,Argentina,5
966,MustafaPektemek,8/11/1988,BesiktasJK,Turkey,4.8
967,GeorgiMilanov,2/19/1992,CSKAMoscow,Bulgaria,4.8
968,EmmanuelEboué,6/4/1983,GalatasaraySK,Coted'Ivoire,4.75
969,PauloHenrique,3/13/1989,Trabzonspor,Brazil,4.75
970,YohanMollo,7/18/1989,ASSaint-Étienne,France,4.75
971,GueïdaFofana,5/16/1991,OlympiqueLyon,France,4.75
972,LucasCastro,4/9/1989,CalcioCatania,Argentina,4.7
973,OribePeralta,1/12/1984,SantosLaguna,Mexico,4.6
974,MarcoBorriello,6/18/1982,WestHamUnited,Italy,4.5
975,FabricioColoccini,1/22/1982,NewcastleUnited,Argentina,4.5
976,KaluUche,11/15/1982,Al-RayyanSportsClub,Nigeria,4.5
977,ChristianFuchs,4/7/1986,FCSchalke04,Austria,4.5
978,SejadSalihovic,10/8/1984,TSG1899Hoffenheim,Bosnia-Herzegovina,4.5
979,UmutBulut,3/15/1983,GalatasaraySK,Turkey,4.5
980,ScottBrown,6/25/1985,CelticFC,Scotland,4.5
981,WayneRoutledge,1/7/1985,SwanseaCity,England,4.5
982,RyanBabel,12/19/1986,KasimpasaSK,Netherlands,4.5
983,PierreWebó,1/20/1982,FenerbahceSK,Cameroon,4.5
984,JérémyClément,8/26/1984,ASSaint-Étienne,France,4.5
985,FedericoPeluso,1/20/1984,JuventusFC,Italy,4.5
986,AntonioNocerino,4/9/1985,WestHamUnited,Italy,4.5
987,LucaRigoni,12/7/1984,ChievoVerona,Italy,4.5
988,ErkanZengin,8/5/1985,Eskisehirspor,Sweden,4.5
989,ChrisEagles,11/19/1985,BoltonWanderers,England,4.5
990,MilanBisevac,8/31/1983,OlympiqueLyon,Serbia,4.5
991,SergeyRyzhikov,9/19/1980,RubinKazan,Russia,4.5
992,RúbenAmorim,1/27/1985,SLBenfica,Portugal,4.5
993,ZdravkoKuzmanovic,9/22/1987,InterMilan,Serbia,4.5
994,EljeroElia,2/13/1987,SVWerderBremen,Netherlands,4.5
995,JohnRuddy,10/24/1986,NorwichCity,England,4.5
996,KennethVermeer,1/10/1986,AFCAjaxAmsterdam,Netherlands,4.5
997,MaximilianoMoralez,2/27/1987,AtalantaBC,Argentina,4.5
998,DaríoCvitanich,5/16/1984,OGCNizza,Argentina,4.5
999,GeoffCameron,7/11/1985,StokeCity,UnitedStates,4.5
1000,SébastienBassong,7/9/1986,NorwichCity,Cameroon,4.5
